item;section
A5;Políticas de Segurança da Informação
A6;Organização da segurança da informação
A7;Segurança em recursos humanos
A8;Gestão de ativos
A9;Controle de acesso
A10;Requisitos do negócio para controle de acesso
A11;Política de controle de acesso
A12;Acesso a redes e serviços de rede
A13;Gerenciamento de acesso do usuário
A14;Restrição de acesso à informação
A15;Procedimentos seguros de entrada no sistema (log-on)
A16;Segurança física e do meio ambiente
A17;Áreas seguras
A18;Perímetro de segurança física
